instance,rows,cols,ours_status,ours_objective,ours_seconds,highs_status,highs_objective,highs_seconds,gurobi_status,gurobi_objective,gurobi_seconds
afiro,27,32,OPTIMAL,-464.7531433231152,0.000105058,Optimal,-464.75314286,0.0,Optimal,-464.75314285714285,0.008381972999814025
sc50b,50,48,OPTIMAL,-69.99999999999996,0.000257255,Optimal,-70.0,0.0,Optimal,-70.0,0.0003743560000657453
sc50a,50,48,OPTIMAL,-64.57507705856447,0.00021755,Optimal,-64.575077059,0.0,Optimal,-64.57507705856449,0.00032856999951036414
kb2,43,41,OPTIMAL,-1749.9001299062052,0.000247016,Optimal,-1749.9001299,0.0,Optimal,-1749.9001299062058,0.000545759000488033
sc105,105,103,OPTIMAL,-52.20206121170723,0.000791492,Optimal,-52.202061212,0.0,Optimal,-52.202061211707246,0.0005304300002535456
adlittle,56,97,OPTIMAL,225494.96315282068,0.000629056,Optimal,225494.96316,0.0,Optimal,225494.96316238024,0.0006123040002421476
stocfor1,117,111,OPTIMAL,-41131.976263941804,0.000552072,Optimal,-41131.976219,0.0,Optimal,-41131.9762194364,0.0004973780005457229
blend,74,83,OPTIMAL,-30.812149845828237,0.000670715,Optimal,-30.812149846,0.0,Optimal,-30.81214984582825,0.0009114989998124656
scagr7,129,140,OPTIMAL,-2331389.8260901454,0.001277078,Optimal,-2331389.8243,0.0,Optimal,-2331389.824330984,0.0006107819999670028
sc205,205,203,OPTIMAL,-52.202061211707324,0.003034904,Optimal,-52.202061212,0.0,Optimal,-52.202061211707225,0.0008362769995073904
share2b,96,79,OPTIMAL,-415.73224074816466,0.000914935,Optimal,-415.73224074,0.0,Optimal,-415.73224074141933,0.0008153979997587157
recipe,91,180,OPTIMAL,-266.61600000000027,0.000410895,Optimal,-266.616,0.0,Optimal,-266.61600000000027,0.0003338090000397642
lotfi,153,308,OPTIMAL,-25.264706071511394,0.001835432,Optimal,-25.264706062,0.0,Optimal,-25.264706061880005,0.0009726039997985936
vtp.base,198,203,OPTIMAL,129831.46242348896,0.000623025,Optimal,129831.46246,0.0,Optimal,129831.46246136136,0.0006749219992343569
share1b,117,225,OPTIMAL,-76589.31858510466,0.00237528,Optimal,-76589.318579,0.0,Optimal,-76589.3185791857,0.00144523500057403
boeing2,166,143,OPTIMAL,-315.0187280152027,0.001418095,Optimal,-315.01872802,0.0,Optimal,-315.0187280152028,0.001107558000512654
bore3d,233,315,OPTIMAL,1373.0803933996842,0.001626578,Optimal,1373.0803942,0.0,Optimal,1373.0803942084924,0.0007769450003252132
scorpion,388,358,OPTIMAL,1878.1248107784845,0.004356597,Optimal,1878.1248227,0.0,Optimal,1878.1248227381068,0.0007762729992464301
capri,271,353,OPTIMAL,2690.012913082596,0.005670716,Optimal,2690.0129138,0.0,Optimal,2690.0129137681583,0.0016017800007830374
brandy,220,249,OPTIMAL,1518.5098961309666,0.005459236,Optimal,1518.5098965,0.0,Optimal,1518.509896488128,0.0025758969995877123
sctap1,300,480,OPTIMAL,1412.2500000000002,0.005006082,Optimal,1412.25,0.0,Optimal,1412.25,0.0018284870002389653
scagr25,471,500,OPTIMAL,-14753433.06416868,0.013720428,Optimal,-14753433.061,0.01,Optimal,-14753433.060768526,0.0027867640001204563
israel,174,142,OPTIMAL,-896644.8219625509,0.002532306,Optimal,-896644.82186,0.0,Optimal,-896644.8218630463,0.0016332189998138347
scfxm1,330,457,OPTIMAL,18416.75902524794,0.007465842,Optimal,18416.759028,0.01,Optimal,18416.759028348944,0.0035606230003395467
bandm,305,472,OPTIMAL,-158.62801854324172,0.012260274,Optimal,-158.62801845,0.01,Optimal,-158.628018450101,0.0034610849997989135
e226,223,282,OPTIMAL,-18.751929130010165,0.005382392,Optimal,-11.638929066,0.01,Optimal,-11.638929066370512,0.0037712699995609
grow7,140,301,OPTIMAL,-47787811.8147121,0.004164575,Optimal,-47787811.815,0.01,Optimal,-47787811.8147115,0.00459380099982809
etamacro,400,688,OPTIMAL,-755.7152331654567,0.010692958,Optimal,-755.7152333,0.01,Optimal,-755.7152328296324,0.004548715999590058
agg,488,163,OPTIMAL,-35991767.29036856,0.001102539,Optimal,-35991767.287,0.0,Optimal,-35991767.2865765,0.001317274000030011
finnis,497,614,OPTIMAL,172791.06533209782,0.007061098,Optimal,172791.0656,0.0,Optimal,172791.06559561164,0.002124665999872377
scsd1,77,760,OPTIMAL,8.666666674333367,0.003501024,Optimal,8.6666666743,0.0,Optimal,8.666666674333367,0.0012110930001654197
standata,359,1075,OPTIMAL,1257.699498791334,0.003353625,Optimal,1257.6995,0.0,Optimal,1257.6995,0.0012911039993923623
beaconfd,173,262,OPTIMAL,33592.48580567047,0.00123548,Optimal,33592.485807,0.0,Optimal,33592.48580719999,0.0006231150000530761
stair,356,467,OPTIMAL,-251.26695119296554,0.022114601,Optimal,-251.26695119,0.01,Optimal,-251.26695119296295,0.007632629999534402
gfrd-pnc,616,1092,OPTIMAL,6902235.999548577,0.018220957,Optimal,6902235.9995,0.01,Optimal,6902235.999548811,0.0032187679998969543
standmps,467,1075,OPTIMAL,1406.0174988320684,0.008815968,Optimal,1406.0175,0.01,Optimal,1406.0174999999997,0.0019263020003563724
scrs8,490,1169,OPTIMAL,904.2969536120522,0.0213881,Optimal,904.2969538,0.01,Optimal,904.296953800792,0.0034681690003708354
boeing1,351,384,OPTIMAL,-335.21356757753233,0.010483313,Optimal,-335.21356751,0.01,Optimal,-335.21356750712687,0.003279212000052212
modszk1,687,1620,OPTIMAL,320.61972906241226,0.065724533,Optimal,320.61972906,0.01,Optimal,320.6197290645654,0.0036369670006024535
tuff,333,587,OPTIMAL,0.292147765093613,0.008208963,Optimal,0.29214776509,0.01,Optimal,0.2921477650936128,0.001877027999398706
degen2,444,534,OPTIMAL,-1435.178,0.052806549,Optimal,-1435.178,0.01,Optimal,-1435.178,0.007577286000014283
forplan,161,421,OPTIMAL,-664.2189612722038,0.006133769,Optimal,-664.21896127,0.0,Optimal,-1163.9157686858052,0.002683458999854338
agg2,516,302,OPTIMAL,-20239252.355977118,0.00251854,Optimal,-20239252.356,0.01,Optimal,-20239252.355977114,0.001961689000381739
agg3,516,302,OPTIMAL,10312115.935022475,0.002738455,Optimal,10312115.935,0.0,Optimal,10312115.935089217,0.002010821000112628
shell,536,1775,OPTIMAL,1208825345.9976256,0.015204708,Optimal,1208825346.0,0.01,Optimal,1208825346.0,0.0031608589997631498
scfxm2,660,914,OPTIMAL,36660.261558653656,0.027147663,Optimal,36660.261565,0.01,Optimal,36660.26156499881,0.0087641039999653
pilot4,410,1000,OPTIMAL,-2581.1392588872313,0.063385562,Optimal,-2581.1392589,0.02,Optimal,-2581.139261281196,0.017745177000506374
scsd6,147,1350,OPTIMAL,50.500000078262374,0.013929192,Optimal,50.500000078,0.01,Optimal,50.500000078262374,0.003599616999963473
ship04s,402,1458,OPTIMAL,1798714.699814752,0.005342737,Optimal,1798714.7004,0.01,Optimal,1798714.7004453917,0.002423188999273407
seba,515,1028,OPTIMAL,15711.6,0.014239587,Optimal,15711.6,0.0,Optimal,15711.599999999999,0.0009498809995420743
grow15,300,645,OPTIMAL,-106870941.29358006,0.03912295,Optimal,-106870941.29,0.03,Optimal,-106870941.2935752,0.027084084999842162
fffff800,524,854,OPTIMAL,555679.5633862277,0.023227409,Optimal,555679.56482,0.01,Optimal,555679.5648174962,0.004021662000013748
bnl1,643,1175,OPTIMAL,1977.6295467503494,0.056045387,Optimal,1977.6295615,0.02,Optimal,1977.629561522888,0.013658992999808106
perold,625,1376,OPTIMAL,-9380.755280034542,0.240535886,Optimal,-9380.7552782,0.04,Optimal,-9380.75527838453,0.035929432000557426
scfxm3,990,1371,OPTIMAL,54901.25454016932,0.060576083,Optimal,54901.25455,0.02,Optimal,54901.25454975146,0.014458429999649525
ganges,1309,1681,OPTIMAL,-109585.73613077587,0.053631364,Optimal,-109585.73613,0.01,Optimal,-109585.73612927811,0.0048870939999687835
sctap2,1090,1880,OPTIMAL,1724.807142857143,0.049386358,Optimal,1724.8071429,0.01,Optimal,1724.807142857143,0.004251475999808463
grow22,440,946,OPTIMAL,-160834336.48256445,0.090759842,Optimal,-160834336.48,0.06,Optimal,-160834336.4825631,0.04237705800005642
maros,846,1443,OPTIMAL,-58063.74370622383,0.065789896,Optimal,-58063.743701,0.03,Optimal,-58063.74370111975,0.01358457200058183
25fv47,821,1571,OPTIMAL,5501.845886543759,0.341864263,Optimal,5501.8458883,0.1,Optimal,5501.845888286631,0.08944372799942357
fit1p,627,1677,OPTIMAL,9146.378092420933,0.110807265,Optimal,9146.3780924,0.03,Optimal,9146.378092420935,0.017990809999901103
fit1d,24,1026,OPTIMAL,-9146.378092420933,0.019992558,Optimal,-9146.3780924,0.01,Optimal,-9146.378092420928,0.0034398560001136502
degen3,1503,1818,OPTIMAL,-987.294,1.952755326,Optimal,-987.294,0.12,Optimal,-987.2940000000007,0.061887913999271404
